sno,snc,借車場站,sarea,ar,lat,lng,測站,HubDist
"1",A1,捷運市政府站(3號出口),信義區,忠孝東路/松仁路(東南側),25.0408,121.568,松山,1478.23705036936
"2",A2,捷運國父紀念館站(2號出口),大安區,忠孝東路四段/光復南路口(西南側),25.0412,121.557,松山,2388.77661357704
"3",A3,台北市政府,信義區,台北市政府東門(松智路) (鄰近信義商圈/台北探索館),25.0378,121.565,松山,1926.91541059285
"4",A4,市民廣場,信義區,市府路/松壽路(西北側)(鄰近台北101/台北世界貿易中心/台北探索館),25.036,121.562,松山,2283.64757878735
"5",A5,興雅國中,信義區,松仁路/松仁路95巷(東南側)(鄰近信義商圈/台北信義威秀影城),25.0365,121.569,松山,1782.4247771457
"6",A6,臺北南山廣場,信義區,松智路/松廉路(東北側) (鄰近台北101/信義商圈/台北信義威秀影城),25.0378,121.565,松山,1926.91541059285
"7",A7,信義廣場(台北101),信義區,松智路/信義路(東北側) (鄰近台北101),25.033,121.566,松山,2272.86153998446
"8",A8,世貿三館,信義區,市府路/松壽路(東南側) (鄰近台北101/台北世界貿易中心/台北探索館),25.0358,121.564,松山,2156.00052722071
"9",A9,松德站,信義區,台北市信義區松德路300號,25.0366,121.573,松山,1588.6973894681
"10",A10,台北市災害應變中心,信義區,台北市信義區莊敬路391巷11弄2號,25.0286,121.566,松山,2690.58045902762
"11",A11,三張犁,信義區,光復南路/基隆路一段364巷(鄰近大安親子館),25.0349,121.558,松山,2669.10488610198
"12",A12,臺北醫學大學,信義區,台北醫學大學(吳興街220巷59弄)(鄰近台北醫學大學),25.0266,121.562,松山,3086.93461326796
"13",A13,福德公園,信義區,大道路/福德街路口北西側,25.0381,121.584,松山,1425.97736840731
"14",A14,榮星花園,中山區,五常街/龍江路口(西南側)(鄰近榮星公園(原榮星花園)),25.0642,121.541,中山,1474.34210945122
"15",A15,饒河夜市,松山區,八德路/松信路(西南側),25.0494,121.572,松山,670.415060448433
"16",A16,松山家商,信義區,林口街/福德街(東南側),25.0361,121.579,松山,1540.25236463696
"17",A17,民生光復路口,松山區,光復北路/民生東路(西北側),25.0588,121.555,松山,2574.1935205974
"18",A18,臺北市藝文推廣處,松山區,北寧路34號 對側(鄰近台北田徑場),25.0483,121.552,松山,2691.90815784431
"19",A19,象山公園,信義區,松仁路153巷17號對面(鄰近象山步道),25.0286,121.57,松山,2524.81425225546
"20",A20,捷運科技大樓站,大安區,科技大樓站對面(復興南路2段西側)(鄰近資訊科學展示中心),25.026,121.543,古亭,1482.55791980489
"21",A21,民生敦化路口,松山區,敦化民生路口公車站旁,25.058,121.549,中山,2318.33426441586
"22",A22,松山車站,信義區,松山車站西出口外自行車格內(鄰近饒河街夜市/五分埔),25.0494,121.572,松山,670.415060448433
"23",A23,東新國小,南港區,東新國小側門(東明街62號前),25.0551,121.603,松山,2525.03474012571
"24",A24,信義建國路口,大安區,信義路三段/建國南路二段(西南側)(鄰近大安森林公園),25.0333,121.537,古亭,1594.08794752176
"25",A25,永吉松信路口,信義區,松信路/永吉路南西側人行道,25.0454,121.572,松山,839.466031477429
"26",A26,捷運昆陽站(1號出口),南港區,捷運昆陽站1號出口外停車場旁,25.0502,121.592,松山,1351.2537943827
"27",A27,捷運南港展覽館站(5號出口),南港區,研究院路/市民大道(東北側)(鄰近南港展覽館),25.0549,121.617,汐止,2681.41229622019
"28",A28,五常公園,信義區,松隆路/虎林街30巷口(西南側),25.0481,121.575,松山,420.802410255037
"29",A29,金山愛國路口,大安區,愛國東路/金山南路(西南側),25.0316,121.527,古亭,1244.64797993566
"30",A30,基隆長興路口,大安區,基隆路/長興街(東南側),25.017,121.544,古亭,1511.69157106659
"31",A31,辛亥新生路口,大安區,辛亥路/新生南路(高架橋下),25.0225,121.535,古亭,588.089521152858
"32",A32,捷運六張犁站,大安區,捷運出口外和平東路側,25.0237,121.553,古亭,2390.90980792638
"33",A33,中崙高中,松山區,八德路四段91巷(中崙高中)旁(鄰近京華城/中保寶貝城(BabyBoss City)),25.0488,121.561,松山,1782.08511762262
"34",A34,捷運行天宮站(1號出口),中山區,捷運行天宮1號出口後方(松江路側),25.0595,121.533,中山,725.867896786074
"35",A35,捷運行天宮站(3號出口),中山區,捷運行天宮站3號出口站外,25.0602,121.533,中山,695.517719570149
"36",A36,臺大資訊大樓,大安區,辛亥路二段(臺大外語學院外),25.021,121.542,古亭,1256.76170535648
"37",A37,捷運東門站(4號出口),大安區,信義路/麗水街口(鄰近永康街),25.0337,121.529,古亭,1451.32919206725
"38",A38,臺灣師範大學(圖書館),大安區,和平東路/師大路口(北側)(鄰近臺灣師範大學),25.0267,121.529,古亭,677.159855490822
"39",A39,南港世貿公園,南港區,三重路/經貿二路88巷(東北側),25.0581,121.614,汐止,2831.10951037207
"40",A40,玉成公園,南港區,玉成街247號前,25.0429,121.586,松山,1083.76594510837
"41",A41,中研公園,南港區,研究院路二段12巷/研究院路二段12巷58弄(西南側),25.0474,121.614,汐止,3377.61551369601
"42",A42,捷運後山埤站(1號出口),信義區,中坡北路/忠孝東路五段(西北側),25.0444,121.582,松山,708.35613856941
"43",A43,凌雲市場,南港區,研究院路三段68巷/凌雲街(東北側),25.0357,121.614,松山,3906.82872213322
"44",A44,捷運南港軟體園區站(2號出口),南港區,捷運南港軟體園區站2號出口外,25.0444,121.582,松山,708.35613856941
"45",A45,捷運公館站(2號出口),大安區,羅斯福路四段/舟山路(東北側)(鄰近公館夜市),25.0147,121.535,古亭,854.543880889098
"46",A46,南港國小,南港區,惠民街/興東街(南側停車場),25.0564,121.611,汐止,3177.30020966996
"47",A47,捷運忠孝新生站(4號出口),大安區,忠孝東路三段 / 新生南路一段口 東北側(鄰近國立台北科技大學),25.0337,121.529,古亭,1451.32919206725
"48",A48,南港車站(忠孝東路),南港區,忠孝東路七段與忠孝東路七段415巷交叉口(鄰近南港高鐵站),25.0524,121.609,松山,3078.00270736509
"49",A49,龍門廣場,大安區,忠孝東路/敦化南路(西南側廣場）(鄰近東區地下街),25.0408,121.548,古亭,2909.98627460797
"50",A50,民權運動公園,松山區,民權東路四段/新中街交叉口,25.0622,121.56,松山,2313.65567421498
"51",A51,建國農安街口,中山區,建國北路/農安街口(中油旁邊空地)(鄰近榮星公園(原榮星花園)),25.0651,121.537,中山,1099.3034495534
"52",A52,建國長春路口,中山區,建國北路/長春路口(北側),25.0548,121.537,中山,1348.33655703465
"53",A53,八德市場,中山區,建國南路一段/市民大道交叉口(北側) (鄰近國立台北科技大學),25.0449,121.537,中山,2204.04131503739
"54",A54,臺北市立圖書館(總館),大安區,建國南路二段/建國南路二段151巷(東北側),25.029,121.538,古亭,1261.1524711378
"55",A55,臺北田徑場,松山區,敦化北路3號(鄰近臺北小巨蛋/台北田徑場),25.0499,121.549,中山,2654.62068236114
"56",A56,仁愛林森路口,中正區,林森南路/仁愛路一段路口(東北側)(鄰近臺北市青少年發展處/中正親子館),25.0389,121.522,萬華,1647.22510960826
"57",A57,新生和平路口,大安區,新生南路二段/和平東路二段(東北側),25.0263,121.535,古亭,836.34445550962
"58",A58,捷運善導寺站(1號出口),中正區,天津街/忠孝東路一段(東北側)(鄰近台北國際藝術村/蝴蝶宮昆蟲博物館/台北希望廣場),25.0453,121.522,萬華,1421.85984468748
"59",A59,林森公園,中山區,林森北路/南京東路一段(鄰近林森公園/康樂公園),25.0523,121.526,中山,1115.76729046764
"60",A60,中山行政中心,中山區,松江路/農安街口(鄰近行天宮),25.0646,121.533,中山,698.52777711146
"61",A61,台灣科技大學,大安區,基隆路四段/基隆路四段73巷交叉口(鄰近國立台灣科技大學),25.013,121.54,古亭,1349.64507209481
"62",A62,南昌公園,中正區,和平西路一段/南昌路,25.0269,121.521,古亭,1109.74284316567
"63",A63,仁愛醫院,大安區,大安路一段/仁愛路四段,25.0377,121.546,古亭,2517.75762381385
"64",A64,國家圖書館,中正區,中山南路/貴陽街口(西南側)(鄰近台北賓館),25.0378,121.517,萬華,1326.44525772753
"65",A65,青年公園3號出口,萬華區,青年路/青年路106巷(東側)(鄰近青年公園),25.0223,121.503,永和,1465.74506495714
"66",A66,師範大學公館校區,文山區,師大公館校區校門口(汀州路側),25.0076,121.537,古亭,1625.07837522608
"67",A67,捷運臺大醫院(4號出口),中正區,公園路/襄陽路(西南側)(鄰近二二八和平紀念公園/國立臺灣博物館/台北賓館),25.0426,121.516,萬華,918.283328479445
"68",A68,國興青年路口,萬華區,國興路/青年路(西南側)(鄰近萬華親子館),25.0258,121.507,永和,1353.69413570371
"69",A69,興豐公園,文山區,興隆路二段123巷/興隆路二段(西北側),24.9999,121.548,新店,2715.82471380061
"70",A70,捷運台北101/世貿站,信義區,莊敬路/信義路五段(東南側)(鄰近台北世界貿易中心(世貿)/台北國際會議中心/信義公民會館(四四南村,25.0329,121.561,松山,2597.43340182783
"71",A71,捷運信義安和站(4號出口),大安區,通化街/信義路四段(西南側)(鄰近臨江街夜市(通化夜市)/大安親子館),25.033,121.554,古亭,2823.26714885324
"72",A72,新生長安路口,中山區,新生北路一段/長安東路二段交叉口(北側),25.0485,121.53,中山,1574.8961540877
"73",A73,酒泉延平路口,大同區,延平北路四段/酒泉街(西北側),25.0721,121.51,大同,1040.94775720121
"74",A74,信義連雲街口,中正區,信義路二段/連雲街(東北側),25.0337,121.529,古亭,1451.32919206725
"75",A75,基隆光復路口,信義區,基隆路二段/光復南路(東北側)(鄰近通化夜市),25.0301,121.558,松山,3030.80449489728
"76",A76,新生長春路口,中山區,新生北路二段/新生北路二段68巷交叉口(新生橋下),25.0564,121.527,中山,662.037707874498
"77",A77,民生活動中心,松山區,民生東路五段/三民路口(西北側)(鄰近松山親子館),25.059,121.563,松山,1864.21677621157
"78",A78,捷運圓山站(2號出口),大同區,承德路三段/庫倫街(東南側)(鄰近台北孔廟/花博公園圓山園區/花博圓山公園區-爭艷館/中山親子館),25.0718,121.519,大同,1112.21311246047
"79",A79,捷運民權西路站(3號出口),大同區,民權西路70巷37號對面,25.0612,121.52,中山,671.110490633742
"80",A80,華江高中,萬華區,東園街/東園街35巷(東北側),25.0275,121.496,萬華,2427.12138540692
"81",A81,捷運台電大樓站(2號出口),大安區,羅斯福路/辛亥路交叉口(古亭國小前),25.0204,121.529,古亭,60.6647668859778
"82",A82,捷運西門站(3號出口),中正區,中華路一段/寶慶路(東南側)(鄰近國軍歷史文物館/中山堂/西門紅樓),25.0419,121.509,萬華,520.336757650287
"83",A83,捷運大安森林公園站,大安區,信義路三段31巷/信義路三段(南側)(鄰近大安森林公園),25.0334,121.534,古亭,1486.30299851488
"84",A84,復華花園新城,萬華區,西藏路115號/西藏路(東南側),25.0296,121.503,萬華,1938.47048184466
"85",A85,信義敦化路口,大安區,信義路四段/敦化南路一段(東北側),25.0334,121.549,古亭,2420.55994012254
"86",A86,民權復興路口,松山區,復興北路/民權東路三段(東北側),25.0623,121.545,中山,1863.82046536726
"87",A87,捷運大安站,大安區,復興南路/信義路三段(西南側),25.0333,121.542,古亭,1885.22125955639
"88",A88,捷運象山站,信義區,信義路五段/信義路五段91巷(西北側),25.0329,121.571,松山,2044.02347962398
"89",A89,和平重慶路口,中正區,重慶南路三段/和平西路一段(東北側),25.0272,121.517,永和,1132.05597437003
"90",A90,老松國小,萬華區,康定路/桂林路(東南側)(鄰近艋舺龍山寺/艋舺清水巖祖師廟/台北市鄉土教育中心(剝皮寮歷史街區)),25.0382,121.502,萬華,1099.61463226146
"91",A91,市立美術館,中山區,中山北路三段/酒泉街(西南側)(鄰近台北市立美術館/花博公園美術園區/台北故事館/花博公園圓山園區/,25.0641,121.522,中山,495.819213707581
"92",A92,開封西寧路口,萬華區,開封街二段/西寧南路(東北側)(鄰近西門町),25.0466,121.507,萬華,98.6732683538558
"93",A93,吳興公車總站,信義區,松仁路/吳興街交叉口,25.024,121.57,松山,3008.35951689557
"94",A94,捷運景美站,文山區,羅斯福路六段/景中街交叉口(東北側)(鄰近景美夜市),24.9934,121.541,新店,1821.36528048317
"95",A95,東園國小,萬華區,東園街/萬大路344巷(東南側),25.0235,121.498,永和,1983.02621518144
"96",A96,三民公園,松山區,撫遠街/富錦街(東南側),25.0616,121.564,松山,1955.7007791396
"97",A97,捷運劍潭站(2號出口),士林區,基河路18號對面(鄰近劍潭公園),25.0833,121.525,中山,2324.6135394686
"98",A98,羅斯福景隆街口,文山區,羅斯福路六段/景隆街交叉口(東南側),24.9996,121.54,新店,2489.00185409759
"99",A99,捷運雙連站(2號出口),大同區,民生西路/萬全街(東北側),25.058,121.521,中山,737.895045703622
"100",A100,金山市民路口,中正區,金山北路/市民大道三段(南側)(鄰近華山文化創意產業園區/光華數位新天地(光華商場)/三創生活園區),25.0458,121.531,中山,1889.20684743586
"101",A101,華山文創園區,中正區,忠孝東路二段41號前(鄰近華山文化創意產業園區/光華數位新天地(光華商場)/三創生活園區),25.0437,121.528,中山,2072.47717626475
"102",A102,臺北市客家文化主題公園,中正區,師大路/汀州路交叉口(鄰近客家文化主題公園(原兒童交通博物館)),25.0206,121.525,古亭,459.852735677328
"103",A103,萬華車站,萬華區,艋舺大道83號(對側),25.0329,121.498,萬華,1811.99979874325
"104",A104,台北花木批發市場,文山區,萬盛街/興隆路一段(西北側),25.0041,121.541,古亭,2162.942285693
"105",A105,峨嵋停車場,萬華區,昆明街/西寧南路50巷(東南側)(鄰近西門町/台北市電影主題公園/西門紅樓),25.0444,121.505,萬華,379.758872939222
"106",A106,西園艋舺路口,萬華區,西園路二段/艋舺大道(西南側),25.0329,121.498,萬華,1811.99979874325
"107",A107,捷運小南門站(1號出口),中正區,博愛路/愛國西路交叉口(西北側),25.0367,121.509,萬華,1090.85686047814
"108",A108,臺北孔廟,大同區,哈密街59巷/哈密街(東北側)(鄰近台北孔廟/保安宮),25.0733,121.516,大同,1151.24124289678
"109",A109,林安泰古厝,中山區,吉林路/民族東路(北側)(鄰近林安泰古厝/花博公園新生園區),25.0715,121.53,中山,1071.25813597725
"110",A110,文湖國小,內湖區,文湖街21巷/文湖街(東北側),25.0863,121.561,松山,4396.17814372908
"111",A111,捷運忠孝復興站(2號出口),大安區,復興南路一段/仁愛路三段123巷13弄(西北側),25.0403,121.544,古亭,2623.61508119578
"112",A112,捷運新北投站,北投區,大業路/中和街交叉口(鄰近凱達格蘭文化館/北投復興公園),25.1374,121.503,士林,3675.30751843407
"113",A113,仁愛逸仙路口,信義區,仁愛路四段/逸仙路(西北側)(鄰近國父紀念館/台北探索館),25.0377,121.561,松山,2239.39447386002
"114",A114,蘭雅公園,士林區,忠誠路二段/忠誠路二段40巷(西南側),25.1099,121.53,士林,1624.42471776759
"115",A115,臺北轉運站,中正區,中山北路一段/市民大道一段(西北側)(鄰近台北當代藝術館/台北轉運站(京站時尚廣場)/國父史蹟紀念館,25.0484,121.521,萬華,1331.36050828705
"116",A116,福林公園,士林區,志成街/中正路(南側)(鄰近志成公園/福林公園),25.0961,121.53,士林,1904.45668317614
"117",A117,捷運北投站,北投區,光明路2巷/光明路交叉口(鄰近北投親子館),25.1374,121.503,士林,3675.30751843407
"118",A118,大業大同街口,北投區,大業路/大同街口,25.1369,121.499,士林,3771.35006183772
"119",A119,捷運劍南路站(2號出口),中山區,敬業二路/植福路(東北側)(鄰近美麗華百樂園/劍潭古寺),25.0843,121.555,中山,3762.67393974224
"120",A120,捷運龍山寺站(1號出口),萬華區,和平西路三段/和平西路三段109巷(西北側)(鄰近艋舺龍山寺/艋舺夜市(萬華夜市)),25.0355,121.5,萬華,1460.41231248577
"121",A121,龍江南京路口,中山區,龍江路110號對面停車場,25.053,121.541,中山,1790.99163943946
"122",A122,捷運港墘站(2號出口),內湖區,內湖路一段/港墘路(東南側),25.0797,121.576,松山,3300.51400520896
"123",A123,天母運動公園,士林區,忠誠路二段/忠誠路二段207巷(東南側),25.1164,121.534,士林,2283.99077808157
"124",A124,振華公園,北投區,振華街36號對面,25.1158,121.518,士林,1150.29043549314
"125",A125,華西公園,萬華區,華西街/桂林路(東北側)(鄰近艋舺龍山寺/華西街夜市/艋舺青山宮/艋舺夜市(萬華夜市)),25.0386,121.499,萬華,1259.43305005817
"126",A126,敦化基隆路口,大安區,敦化南路二段/基隆路二段交叉口,25.0218,121.548,古亭,1866.28070641836
"127",A127,東湖國中,內湖區,康樂街/康樂街125巷(東南側),25.0685,121.615,汐止,2621.91842853656
"128",A128,成功國宅,大安區,四維路198巷/和平東路三段1巷,25.0268,121.547,古亭,1889.52548213923
"129",A129,捷運文德站(2號出口),內湖區,文德路220巷/文德路(西南側),25.0784,121.585,松山,3211.34331620376
"130",A130,羅斯福寧波東街口,中正區,羅斯福路一段/寧波東街(東南側)(鄰近愛國東路婚紗街),25.0316,121.519,永和,1639.98718261107
"131",A131,洲子二號公園,內湖區,瑞光路500號對面,25.0793,121.569,松山,3387.44167101537
"132",A132,羅斯福新生南路口,大安區,羅斯福路四段/新生南路三段交叉口(鄰近公館夜市),25.016,121.533,古亭,617.569297651094
"133",A133,蘭興公園,士林區,中山北路六段/士東路(西北側),25.112,121.526,士林,1341.42852605071
"134",A134,捷運芝山站(2號出口),士林區,福華路/福華路162巷(東南側),25.1033,121.523,士林,905.03337144943
"135",A135,捷運石牌站(2號出口),北投區,東華街一段/裕民二路(西側),25.1142,121.516,士林,929.934532884661
"136",A136,國立臺北護理健康大學,北投區,石牌路二段130巷/石牌路二段(東南側),25.1176,121.521,士林,1450.75350287328
"137",A137,國防大學,北投區,中央北路二段/豐年路二段交叉口,25.138,121.493,士林,4163.2012478384
"138",A138,捷運永春站(2號出口),信義區,忠孝東路五段420號旁(東側巷道上),25.0407,121.575,松山,1092.74196667861
"139",A139,永樂市場,大同區,民樂街/南京西路233巷(西北側)(鄰近迪化街/永樂市場(永樂布業商場)/霞海城隍廟),25.0545,121.511,萬華,937.072119529948
"140",A140,捷運大橋頭站(2號出口),大同區,民權西路/重慶北路三段(東北側)(鄰近延三夜市(大橋頭夜市)),25.0633,121.513,大同,33.2772335788437
"141",A141,文山行政中心,文山區,木柵路三段220號前,24.9899,121.57,新店,3543.42816852014
"142",A142,捷運木柵站,文山區,木柵路四段82巷18號前(捷運橋樑下),24.998,121.574,新店,4320.99901019351
"143",A143,捷運動物園站(2號出口),文山區,新光路二段28號前(鄰近台北市立動物園(木柵動物園)),24.9977,121.579,新店,4739.84420282301
"144",A144,國立政治大學,文山區,萬壽路16巷6號前(鄰近國立政治大學),24.9883,121.576,新店,4049.46379244233
"145",A145,樹德公園,大同區,大龍街/大龍街85巷(東北側),25.0667,121.516,大同,473.210340127792
"146",A146,捷運士林站(2號出口),士林區,中正路247巷/中山北路五段505巷(東南側),25.0833,121.525,中山,2324.6135394686
"147",A147,士林運動中心,士林區,承德路四段/大南路(東北側),25.0891,121.522,士林,2010.64667690551
"148",A148,捷運明德站,北投區,致遠一路一段46巷/西安街一段(東南側),25.1103,121.518,士林,600.295030947724
"149",A149,北投運動中心,北投區,石牌路一段39巷100號前,25.1167,121.51,士林,1277.80310900638
"150",A150,松德公園,信義區,松德路168巷20號前,25.0366,121.573,松山,1588.6973894681
"151",A151,考試院,文山區,試院路(雙號)/木柵路一段(東北側)(鄰近文山親子館),24.9876,121.55,新店,1686.50574013292
"152",A152,百齡國小,士林區,前港街100巷/前港街(北方),25.0864,121.518,士林,2190.61911043858
"153",A153,蔣渭水紀念公園,大同區,錦西街51號對面,25.0599,121.517,大同,521.705368694448
"154",A154,中正基河路口,士林區,中正路420號前(鄰近台北市立天文科學教育館),25.0933,121.52,士林,1503.72065357578
"155",A155,瑞光港墘路口,內湖區,瑞光路/港墘路(西南側),25.0761,121.575,松山,2914.06351631625
"156",A156,東湖國小,內湖區,東湖路/東湖路119巷(西北側),25.0685,121.615,汐止,2621.91842853656
"157",A157,麗山國小,內湖區,內湖路一段411巷/內湖路一段411巷19弄(東北側),25.0827,121.571,松山,3702.80930201327
"158",A158,捷運東湖站,內湖區,安康路315巷/五分街14巷(西側),25.0673,121.614,汐止,2710.03397714195
"159",A159,捷運西湖站(1號出口),內湖區,環山路一段9巷/內湖路一段285巷(西南側),25.0829,121.567,松山,3828.12036138451
"160",A160,大豐公園,北投區,磺港路/大興街(東北側),25.1311,121.504,士林,2983.86839561785
"161",A161,捷運中山國小站(4號出口),中山區,民權東路一段/新生北路三段(北側)(新生高架橋下),25.0628,121.528,中山,156.281737888094
"162",A162,捷運麟光站,大安區,和平東路三段/和平東路三段416巷(捷運高架橋下)(鄰近富陽自然生態公園),25.018,121.559,古亭,2985.91852485032
"163",A163,捷運奇岩站,北投區,北投路一段/三合街二段(東北側),25.1374,121.503,士林,3675.30751843407
"164",A164,捷運唭哩岸站(2號出口),北投區,西安街二段/立農街一段257巷(鄰近慈生宮),25.1208,121.506,士林,1858.22871312268
"165",A165,臺北市立景美女中,文山區,木新路三段/一壽街(西北側),24.9807,121.556,新店,1879.73113318962
"166",A166,臺北市立天文館,士林區,基河路363號前(鄰近台北市立天文科學教育館/國立台灣科學教育館),25.0961,121.518,士林,1143.34166356952
"167",A167,河堤國小,中正區,金門街12巷23弄1號旁,25.0228,121.523,古亭,704.856349040824
"168",A168,植物園,中正區,和平西路二段100號前(鄰近台北植物園/國立歷史博物館/131 Fun心玩親子館),25.0301,121.51,永和,1584.57263784091
"169",A169,新東公園,松山區,民生東路五段/塔悠路(西南側),25.0592,121.569,松山,1406.81118402767
"170",A170,文山運動中心,文山區,興隆路三段/興隆路三段192巷8弄,24.9968,121.56,新店,3120.38524175361
"171",A171,捷運南京三民站(1號出口),松山區,南京東路五段/三民路(西北側),25.0516,121.563,松山,1585.22258244595
"172",A172,捷運松江南京站(7號出口),中山區,松江路/南京東路二段(東北側)(鄰近四平陽光商圈),25.0522,121.533,中山,1301.29974033407
"173",A173,捷運小巨蛋站(5號出口),松山區,南京東路四段/健康路(東北側)(鄰近台北田徑場),25.0518,121.553,松山,2592.04709789705
"174",A174,捷運南京復興站(5號出口),松山區,南京東路三段/南京東路三段256巷(東南側),25.0517,121.545,中山,2206.52296443226
"175",A175,興安華城,中山區,興安街/遼寧街,25.056,121.542,中山,1712.80414951992
"176",A176,葫蘆國小,士林區,環河北路三段/葫蘆街(東北側),25.0826,121.508,三重,1809.68770918135
"177",A177,延平國宅,士林區,延平北路五段一巷40號前,25.0789,121.51,大同,1770.94256822639
"178",A178,南港公園,南港區,福德街383號對面(南港公園出口前),25.0414,121.591,松山,1571.80352525655
"179",A179,福華商場,內湖區,民權東路六段/民權東路六段180巷(石潭平面停車場內)(鄰近防災科學教育館),25.0688,121.593,松山,2538.68726704725
"180",A180,建國和平路口,大安區,建國南路二段/和平東路二段(西北側),25.0261,121.537,古亭,966.750865979986
"181",A181,捷運古亭站(2號出口),中正區,羅斯福路二段/羅斯福路二段174巷(捷運古亭站2號出口前),25.0252,121.524,古亭,757.109029408894
"182",A182,圓環站,大同區,南京西路/重慶北路一段(西南側)(鄰近寧夏夜市),25.0538,121.514,大同,1043.59158422541
"183",A183,劍潭社區,中山區,通北街143號前,25.0796,121.524,中山,1926.58960861481
"184",A184,柳公公園,大安區,大安路一段/大安路一段75巷(西側)(鄰近東區地下街),25.0423,121.546,古亭,2920.30491815799
"185",A185,臺北市立大學,中正區,愛國西路/公園路(西北側)(鄰近台北市立教育大學),25.0354,121.514,萬華,1372.13638566534
"186",A186,仁愛延吉街口,大安區,仁愛路四段/延吉街(東南側)(鄰近大安親子館),25.0375,121.556,松山,2669.04465632454
"187",A187,社子國小,士林區,延平北路六段/社中街(社子國小對面跨提便道橋下),25.0901,121.502,三重,2106.31752491521
"188",A188,金瑞公園(金龍路),內湖區,金龍路213巷1弄7號前,25.088,121.588,松山,4314.68203540948
"189",A189,捷運大直站(3號出口),中山區,北安路458巷41弄/北安路536巷(捷運大直站3號出口前人行道),25.0408,121.568,松山,1478.23705036936
"190",A190,捷運大湖公園站(2號出口),內湖區,成功路五段/大湖山莊街(大湖公園地下停車場旁)(鄰近大湖公園),25.0839,121.602,松山,4435.15893975226
"191",A191,捷運葫洲站(1號出口),內湖區,康寧路三段/成功路五段450巷21弄(西北側)(捷運葫洲站1號出口前自行車停放區),25.0735,121.607,汐止,3518.79140960935
"192",A192,舊莊區民活動中心,南港區,舊莊街一段91巷/舊莊街一段91巷12弄(舊莊區民活動中心前)(鄰近胡適公園),25.0412,121.619,汐止,3490.82596296844
"193",A193,市民林森路口,中山區,市民大道二段/林森北路(東北側)(鄰近台北國際藝術村/台北希望廣場),25.048,121.524,中山,1611.14304830879
"194",A194,信義杭州路口(中華電信總公司),中正區,信義路一段/杭州南路一段(西北側)(鄰近國立中正紀念堂),25.0357,121.524,古亭,1763.3280233756
"195",A195,新湖國小,內湖區,民權東路六段/成功路二段320巷31弄(東南側)(鄰近防災科學教育館),25.0688,121.589,松山,2331.49363501389
"196",A196,饒河夜市(八德路側),松山區,八德路/松信路(西南側),25.0494,121.572,松山,670.415060448433
"197",A197,東陽公園,南港區,重陽路125巷26號至36-2號對面人行道,25.0572,121.598,松山,2112.79405214221
"198",A198,捷運關渡站,北投區,大度路三段270巷/立功街55巷(西南側人行道),25.1246,121.467,淡水,4768.95684146993
"199",A199,古亭國中,萬華區,中華路二段465號對面人行道(古亭國中),25.0245,121.511,永和,988.454343526038
"200",A200,臺北市立大學(天母校區),士林區,士東路276號至280號對面人行道,25.1137,121.537,士林,2427.60886858447
"201",A201,木柵光輝路口,文山區,木柵路一段290號西側人行道(木柵光輝路口),24.9882,121.555,新店,2121.85100577279
"202",A202,捷運辛亥站,文山區,辛亥路四段114號旁人行道(捷運辛亥站),25.0053,121.557,古亭,3247.97856633823
"203",A203,福安國中,士林區,延平北路七段250號前人行道(福安國中),25.1032,121.487,士林,2790.05463391262
"204",A204,龍山國小,萬華區,和平西路三段280號對面人行道(龍山國小)(鄰近艋舺夜市(萬華夜市)),25.0355,121.495,萬華,1788.65552687889
"205",A205,捷運復興崗站,北投區,中央北路三段17-1號對面人行道 (中央北路三段53巷側),25.1316,121.474,淡水,4417.63556290644
"206",A206,樂群二敬業四路口,中山區,樂群二路180號前廣場,25.0798,121.558,中山,3716.73862455904
"207",A207,星雲金湖街口,內湖區,星雲街210巷11號旁平面停車場,25.0809,121.597,松山,3893.42883586668
"208",A208,北安大直街口,中山區,北安路676號前人行道,25.0842,121.55,中山,3385.31528837655
"209",A209,蘭雅國小,士林區,磺溪街80號~82號對面人行道(蘭雅國小東側),25.1079,121.523,士林,885.025906353514
"210",A210,基河一期國宅,內湖區,南京東路六段131號至137號對面綠地,25.0933,121.52,士林,1503.72065357578
"211",A211,捷運北門站(3號出口),大同區,鄭州路/塔城街(西南側)(捷運北門站3號出口)(鄰近海關博物館/北門-承恩門),25.0612,121.52,中山,671.110490633742
"212",A212,培英公園,中山區,崇實路/大直街62巷(東南側),25.0825,121.545,中山,2906.89234183678
"213",A213,臺北花市,內湖區,新湖三路28號前人行道(鄰近台北花市),25.0626,121.574,松山,1471.25453198016
"214",A214,松山高中,信義區,基隆路一段172巷15號對面人行道(松山高中),25.0433,121.564,松山,1650.68555311104
"215",A215,大理高中,萬華區,環河南路二段300號對面人行道(大理高中),25.0309,121.491,萬華,2433.3111236199
"216",A216,大稻埕公園,大同區,安西街1巷15號對面人行道(大稻埕公園),25.0592,121.511,大同,500.705745547514
"217",A217,泰和公園,信義區,吳興街583巷67弄(泰和公園),25.0193,121.571,松山,3486.41039571535
"218",A218,撫順公園,中山區,中山北路2段180號對面(鄰近大同大學/雙城街夜市),25.0641,121.522,中山,495.819213707581
"219",A219,清江國小,北投區,三合街一段/公館路西南側人行道(清江國小),25.1268,121.507,士林,2433.83325398213
"220",A220,社正公園,士林區,社中街43號對面停車場(社正公園),25.0902,121.506,士林,1940.70744101545
"221",A221,臥龍樂業街口,大安區,臥龍街267號對面人行道(臥龍樂業街口),25.0186,121.555,古亭,2577.78098717209
"222",A222,向陽南港路口,南港區,向陽路49號旁人行道(向陽南港路口),25.0544,121.594,松山,1627.55927273858
"223",A223,麗山高中,內湖區,環山路二段131號對面人行道(麗山高中),25.0843,121.577,松山,3803.0194572611
"224",A224,捷運萬芳社區站,文山區,萬芳路60號西側廣場,24.998,121.574,新店,4320.99901019351
"225",A225,市民太原路口,大同區,鄭州路23號東側人行道(市民太原路口)(鄰近台北地下街/台北車站),25.0494,121.515,萬華,778.428481836512
"226",A226,湖光國宅,內湖區,文德路22巷67號對面綠地,25.0753,121.581,松山,2812.9246787934
"227",A227,內政部營建署,松山區,八德路二段342號東側人行道(鄰近微風廣場/黑松世界),25.0478,121.545,中山,2464.93027092474
"228",A228,中山天母路口,士林區,天母西路3-55號前人行道,25.1189,121.53,士林,2124.21411341296
"229",A229,捷運忠義站,北投區,中央北路四段262號對面人行道,25.1316,121.474,淡水,4417.63556290644
"230",A230,永欣綠地,北投區,行義路1號對面停車場,25.1242,121.526,士林,2333.89003239596
"231",A231,市民東興路口,松山區,市民大道五段193號前方人行道(鄰近台北機廠),25.0485,121.566,松山,1283.37561389154
"232",A232,關渡自然公園,北投區,關渡路68號對面人行道,25.1193,121.469,士林,4822.55385819711
"233",A233,文山第二行政中心,文山區,興隆路二段130巷30號對面人行道,25.0011,121.551,新店,2962.7844979201
"234",A234,瑞湖陽光街口,內湖區,瑞湖街101號對面人行道,25.0728,121.576,松山,2539.34569118707
"235",A235,新明路321巷口,內湖區,新明路323號前人行道,25.0606,121.591,松山,1715.08732144082
"236",A236,南京建國路口,中山區,南京東路二段/建國北路二段(北側)(鄰近袖珍博物館),25.0522,121.537,中山,1543.83932897384
"237",A237,林口公園,信義區,林口街72號對面公園(林口公園),25.039,121.579,松山,1219.14120206517
"238",A238,關渡宮,北投區,大度路三段301巷223-5號西北側停車場(鄰近關渡宮),25.1175,121.463,淡水,5388.15806227349
"239",A239,社子公園,士林區,永平街20巷37弄/永平街20巷11弄(社子公園南側),25.0902,121.506,士林,1940.70744101545
"240",A240,復興市民路口,中山區,復興南路一段36-9號前人行道(復興市民路口)(鄰近微風廣場/黑松世界),25.0459,121.544,中山,2536.37863722339
"241",A241,捷運中山國中站,中山區,復興北路370號前方人行道(捷運中山國中站),25.0607,121.544,中山,1772.49631069533
"242",A242,國立故宮博物院,士林區,至善路二段155號對面停車場(鄰近至德園),25.0986,121.548,士林,3474.87696536909
"243",A243,木柵公園,文山區,興隆路四段50號前人行道(木柵公園),24.9869,121.561,新店,2578.07514996931
"244",A244,喬治工商,大安區,基隆路二段166號前(喬治工商),25.0271,121.555,古亭,2666.86830529637
"245",A245,中華桂林路口,萬華區,中華路一段206號前方廣場(鄰近國軍歷史文物館),25.0377,121.507,萬華,980.060297418042
"246",A246,忠孝東路三段217巷口,大安區,忠孝東路三段221號前方人行道,25.0419,121.54,古亭,2583.40137456458
"247",A247,華齡公園,士林區,劍潭路80對面公園(華齡公園),25.0829,121.521,大同,2316.02777669435
"248",A248,大安運動中心,大安區,辛亥路三段55號前方人行道(大安運動中心)(鄰近國立臺北教育大學),25.0208,121.545,古亭,1558.95691849977
"249",A249,立功立德路口,北投區,立功街/立德路(西南側人行道),25.1254,121.471,淡水,4855.37539728938
"250",A250,光復南路22巷口,松山區,光復南路23號對面人行道,25.047,121.558,松山,2106.24658901502
"251",A251,中山中正路口,士林區,中山北路五段609-625號前人行道(中山中正路口)(鄰近福林公園),25.0531,121.52,中山,1219.13845578316
"252",A252,錦德公園,萬華區,德昌街243號對面公園(錦德公園),25.0233,121.493,永和,2453.69448816187
"253",A253,聯合醫院中興院區,大同區,長安西路299-2號對面人行道(鄰近海關博物館),25.0521,121.508,萬華,620.0063933451
"254",A254,南京遼寧街口,中山區,南京東路三段189號對面(南京遼寧街口東南側)(鄰近遼寧夜市),25.0517,121.542,中山,1957.53431979652
"255",A255,民權瑞光路口,內湖區,民權東路六段50號前人行道,25.0686,121.584,松山,2130.93621103864
"256",A256,健康新城,松山區,健康路177號前人行道(健康新城),25.0541,121.561,松山,1834.20114753914
"257",A257,永安藝文館-表演36房,文山區,木新路二段156號前人行道(永安市場),24.9842,121.569,新店,3245.74033444479
"258",A258,至善臨溪路口,士林區,至善路一段/臨溪路(東南側),25.097,121.542,士林,2944.47064472556
"259",A259,中央北路四段30巷口,北投區,中央北路四段30巷8號對面路側(鄰近北投行天宮),25.1353,121.478,淡水,4344.21841985965
"260",A260,洲子一號公園,內湖區,基湖路32號南側公園,25.0803,121.565,松山,3626.52895935272
"261",A261,八德中坡路口,南港區,八德路四段869號前方人行道(鄰近饒河街夜市),25.0506,121.58,松山,155.122606177
"262",A262,南港高工,南港區,興中路29號前方人行道,25.0568,121.607,松山,2962.0128077919
"263",A263,三軍總醫院,內湖區,成功路二段/成功路二段323巷東北角人行道(鄰近防災科學教育館),25.0707,121.59,松山,2564.8574032327
"264",A264,雨農國小,士林區,忠義街6號對面人行道(雨農國小)(鄰近芝山岩/芝山巖惠濟宮/芝山文化生態綠園),25.1053,121.53,士林,1564.87955520111
"265",A265,伊通長安路口,中山區,伊通街/長安東路二段(交叉口西南側路側)(鄰近袖珍博物館/樹火紀念紙博物館),25.0483,121.535,中山,1776.76093000368
"266",A266,忠順區民活動中心,文山區,忠順街二段22號前方人行道(忠順區民活動中心),24.9847,121.563,新店,2677.894794704
"267",A267,芝山國小,士林區,德行東路/德行東路283巷東北角人行道(芝山國小),25.1103,121.536,士林,2222.21291630096
"268",A268,扶輪親恩公園,內湖區,民權東路六段13之15號對面人行道(民權大橋)(鄰近華生水水體驗館),25.0669,121.58,松山,1877.31546224747
"269",A269,西本願寺廣場,萬華區,中華路一段/長沙街二段路口西南側人行道(西本願寺)(鄰近國軍歷史文物館/中山堂/西門紅樓),25.0414,121.508,萬華,565.284441497375
"270",A270,三興公園,信義區,吳興街118巷35弄28號前方(三興公園),25.0287,121.559,松山,3079.60446840897
"271",A271,中山堂,中正區,延平南路/武昌街一段東南角人行道(延平武昌街口)(鄰近中山堂/西門町),25.0441,121.51,萬華,335.766005934323
"272",A272,明美公園,內湖區,石潭路/南京東路六段451巷口西南人行道綠帶(明美公園),25.0626,121.586,松山,1582.40467652263
"273",A273,南港車站(興華路),南港區,市民大道八段/興華路口西北側人行道(鄰近南港高鐵站),25.0536,121.606,松山,2792.38396161655
"274",A274,士林新天地,士林區,大南路325號前方人行道,25.089,121.517,士林,1890.86073110543
"275",A275,松江公園,中山區,松江路/松江路84巷(西北側路側)(鄰近樹火紀念紙博物館),25.0503,121.533,中山,1487.10567873929
"276",A276,富台公園,信義區,松信路209號前人行道,25.0419,121.572,松山,1118.10199778544
"277",A277,中央北路四段540巷口,北投區,中央北路四段529號對面,25.128,121.468,淡水,4463.92587533972
"278",A278,華聲公園,士林區,華聲街17號南側路側(全聯),25.0961,121.522,士林,1324.72503075136
"279",A279,螢橋國小,中正區,泉州街32號對面人行道(螢橋國小),25.026,121.514,永和,1023.76740559975
"280",A280,德明財經科技大學,內湖區,環山路一段56號對面(德明財經科技大學),25.0864,121.566,松山,4228.16046519005
"281",A281,第二果菜批發市場,中山區,民族東路410巷1號對面(第二果菜市場),25.0676,121.538,中山,1294.82879042554
"282",A282,濟南紹興路口,中正區,濟南路一段/紹興南街口東南側(鄰近蝴蝶宮昆蟲博物館/國立台北商業技術學院),25.0419,121.524,萬華,1695.9153148752
"283",A283,牯嶺公園,中正區,廈門街113巷/牯嶺街口西側,25.0233,121.519,永和,748.973893216194
"284",A284,新生公園,中山區,民族東路/吉林路口(西北側)(鄰近花博公園新生園區),25.0685,121.53,中山,764.966996487295
"285",A285,捷運松山站(3號出口),松山區,松山路/市民大道六段(西北側捷運3號出口)(鄰近饒河街夜市/彩虹橋),25.0513,121.564,松山,1481.39251480522
"286",A286,合心廣場,南港區,玉成街80號(對面),25.0464,121.583,松山,595.975800684601
"287",A287,自來水園區,中正區,中正區思源街16號對面人行道(鄰近自來水博物館/自來水園區),25.0125,121.53,古亭,899.265975042609
"288",A288,朱崙商場,中山區,龍江路15號前方人行道(鄰近遼寧夜市),25.0476,121.54,中山,2126.40629987073
"289",A289,敦親公園,大安區,和平東路二段96巷8之1號(前方)(鄰近資訊科學展示中心),25.0236,121.541,古亭,1201.67622384648
"290",A290,萬和二號公園,文山區,萬隆街255號(對面),25.0015,121.536,古亭,2214.34346997727
"291",A291,長沙公園,萬華區,環河南路一段280號之1(東側)(鄰近艋舺青山宮),25.0417,121.5,萬華,964.505546878053
"292",A292,太原五原路口,大同區,太原路 / 五原路口(東南側)(鄰近寧夏夜市),25.0565,121.517,大同,830.294207099923
"293",A293,萬華國中,萬華區,西藏路 / 莒光路299巷口(東南側),25.0293,121.499,萬華,2109.80569473666
"294",A294,信義基隆路口,信義區,信義路四段401號(前方)(鄰近台北國際會議中心),25.0332,121.559,松山,2716.61567222114
"295",A295,林森長春路口,中山區,林森北路/長春路口西北角人行道(林森長春路口)(鄰近林森公園/康樂公園),25.0551,121.525,中山,818.97188060949
"296",A296,敦北公園,松山區,敦化北路 / 富錦街口(東北側),25.0607,121.551,中山,2476.06463002717
"297",A297,安泰街83巷,內湖區,安泰街83巷3號對面,25.0767,121.617,汐止,2694.26091145285
"298",A298,金華公園,大安區,金華街251號對面(金華公園)(鄰近永康街),25.0299,121.531,古亭,1039.57196136658
"299",A299,碧山公園,內湖區,內湖路三段60巷8弄1號(東南側),25.0874,121.592,松山,4357.61767693312
"300",A300,捷運古亭站(6號出口),大安區,羅斯福路二段 / 羅斯福路二段15巷口(西側),25.0279,121.522,古亭,1110.89015261916
"301",A301,仁愛安和路口,大安區,仁愛路四段 / 仁愛路四段222巷(東南側),25.0375,121.552,古亭,2938.09707898246
"302",A302,西松高中,松山區,健康路325巷 / 健康路325巷12弄口(東北側),25.0546,121.567,松山,1277.64565959991
"303",A303,三軍總醫院(松山分院),松山區,光復北路 / 光復北路190巷口(東南側),25.0545,121.556,松山,2335.43495669679
"304",A304,國立臺北大學(臺北校區),中山區,民生東路三段 / 復興北路280巷10弄口(西北側),25.0579,121.543,中山,1733.94690054914
"305",A305,捷運忠孝新生站(2號出口),中正區,忠孝東路二段123號對面(捷運忠孝新生站2號出口)(鄰近光華數位新天地(光華商場)),25.0424,121.532,中山,2279.05328900123
"306",A306,捷運信義安和站(1號出口),大安區,信義路四段 / 安和路一段口(東北側),25.0333,121.553,古亭,2752.33582895261
"307",A307,光華商場,中正區,市民大道三段/新生北路一段路口西南側人行道(光華商場)(鄰近光華數位新天地(光華商場)/三創生活園區,25.0445,121.533,中山,2083.52378738988
"308",A308,敦化長春路口,松山區,敦化北路 / 敦化北路120巷口(西南側)(鄰近臺北小巨蛋),25.0537,121.549,中山,2462.10335089821
"309",A309,捷運萬隆站(1號出口),文山區,羅斯福路五段 / 羅斯福路五段236巷口(南側),25.0147,121.535,古亭,854.543880889098
"310",A310,民有一號公園,松山區,敦化北路244巷 / 民權東路三段160巷口(西南側),25.0609,121.548,中山,2172.55422768835
"311",A311,雙園國中,萬華區,西園路二段320巷 / 興義街(西北側),25.0268,121.492,萬華,2713.26675248803
"312",A312,成功金龍路口,內湖區,成功路四段/金龍路口(捷運內湖站1號出口),25.0841,121.595,松山,4123.46598561355
"313",A313,民族林森路口,中山區,民族東路 / 林森北路口(西北側)(鄰近花博公園美術園區),25.0685,121.525,中山,697.297477854524
"314",A314,捷運南京三民站(3號出口),松山區,南京東路五段204號(前方),25.0513,121.564,松山,1481.39251480522
"315",A315,莒光大埔街口,中正區,莒光路/大埔街口東北側(莒光大埔街口)(鄰近南機場夜市),25.0313,121.505,萬華,1710.58856536935
"316",A316,永盛公園(民生東路一段23巷),中山區,民生東路一段23巷 / 民生東路一段27巷口(北側),25.0589,121.525,中山,413.227115365449
"317",A317,新興公園,中山區,錦州街13巷 / 中山北路二段137巷口(東南側)(鄰近雙城街夜市),25.0615,121.522,中山,466.721778541745
"318",A318,市立圖書館葫蘆堵分館,士林區,延平北路5段136巷4號對面,25.0823,121.511,大同,2128.59101494337
"319",A319,南京東路六段368巷,內湖區,南京東路六段368巷30號對面人行道,25.0583,121.587,松山,1249.75850873248
"320",A320,基隆路一段101巷口,信義區,基隆路一段 / 基隆路一段101巷口(東南側),25.0453,121.567,松山,1282.14410614371
"321",A321,重慶南海路口,中正區,重慶南路二段45號前方(郵政博物館前)(鄰近郵政博物館/國立台灣藝術教育館),25.0317,121.515,永和,1633.693191357
"322",A322,一江公園,中山區,一江街 / 松江路132巷口(西北側)(鄰近四平陽光商圈),25.0532,121.531,中山,1110.59930649756
"323",A323,樂群二明水路口,中山區,樂群二路 / 明水路口(東側),25.0799,121.552,中山,3221.67682592619
"324",A324,迪化休閒運動公園,大同區,延平北路四段200號(南側),25.0749,121.511,大同,1316.86143231394
"325",A325,民族玉門街口,中山區,民族西路 / 民族西路31巷口(東北側)(鄰近大同大學/花博公園圓山園區/花博圓山公園區-爭艷館/中,25.0686,121.52,大同,901.831814726508
"326",A326,捷運中山站(2號出口),中山區,南京西路6號(前方)(鄰近台北之家(光點台北)),25.058,121.521,中山,737.895045703622
"327",A327,復盛公園,松山區,八德路四段106巷6弄2號(東側)(鄰近京華城/中保寶貝城(BabyBoss City)/台北機廠),25.0475,121.561,松山,1798.57810026289
"328",A328,敦化南路二段103巷口,大安區,敦化南路二段97-101號(西側),25.0288,121.549,古亭,2162.12971943381
"329",A329,景文中學,文山區,保儀路/木柵路三段102巷口(西南側),24.9863,121.568,新店,3212.79320961389
"330",A330,承德路三段8巷口,大同區,承德路三段12號(前方),25.0638,121.518,大同,477.757155268602
"331",A331,成德國中,南港區,東新街108巷10之1號(西側),25.0457,121.588,松山,1060.44994004619
"332",A332,重慶國中,大同區,敦煌路68號(北側),25.0759,121.518,大同,1484.24382565801
"333",A333,南京光復路口,松山區,南京東路四段182號(北側),25.0514,121.557,松山,2186.24371531326
"334",A334,捷運芝山站(1號出口),士林區,文林路 / 福華路口(東側),25.1033,121.523,士林,905.03337144943
"335",A335,文林建民路口,北投區,文林北路224-238號(東南側),25.1078,121.515,士林,214.598261688934
"336",A336,忠孝東路六段185巷口,南港區,忠孝東路六段187號(東南側),25.049,121.588,松山,953.894087749274
"337",A337,捷運忠孝復興站(5號出口),大安區,復興南路一段133號(西南側)(鄰近東區地下街),25.0517,121.545,中山,2206.52296443226
"338",A338,中正運動中心,中正區,信義路一段1號(西側)(鄰近臺北市青少年發展處/中正親子館),25.0382,121.519,萬華,1443.7733442893
"339",A339,陽明高中,士林區,中正路510號(西南側),25.0922,121.517,士林,1540.27488644048
"340",A340,博愛寶慶路口,中正區,博愛路 / 寶慶路口(西北側)(鄰近總統府/中山堂),25.0414,121.511,萬華,642.581002736278
"341",A341,民生立體停車場,松山區,民生東路五段82號(東側),25.0585,121.559,松山,2191.4518351562
"342",A342,重慶酒泉街口,大同區,重慶北路三段272號(東側)(鄰近保安宮),25.0718,121.514,大同,955.188464151725
"343",A343,復興南路二段128巷口,大安區,復興南路二段144-3號前方,25.0292,121.543,古亭,1657.41670800486
"344",A344,中山青島路口,中正區,中山南路 / 青島東路口東北側,25.0792,121.543,中山,2498.26458197455
"345",A345,民權迪化街口,大同區,迪化街一段351號(東北側)(鄰近延三夜市(大橋頭夜市)),25.0631,121.509,大同,435.114166620553
"346",A346,建國濟南路口,大安區,建國南路一段/濟南路三段口(東南側),25.0401,121.538,古亭,2321.2895900068
"347",A347,福山公園,南港區,研究院路二段61巷15號(東側),25.0449,121.618,汐止,3253.60353263883
"348",A348,臺北市網球中心,內湖區,民權東路六段/民權東路六段210巷口(西南側),25.0674,121.597,松山,2675.43491104691
"349",A349,松友公園,信義區,信義路六段76巷2弄16號(南側),25.0342,121.576,松山,1769.94427483187
"350",A350,新明成功路口,內湖區,新明路/成功路二段口(西南側),25.0606,121.591,松山,1715.08732144082
"351",A351,健安新城,松山區,三民路41號(東側),25.0561,121.564,松山,1621.81941740538
"352",A352,民權建國路口,中山區,民權東路三段/建國北路三段口(東北側)(鄰近建國假日花市),25.0625,121.537,中山,1056.72672629516
"353",A353,振興醫院,北投區,振興街/明德路口(西北側)(鄰近國立臺北護理健康大學),25.1177,121.522,士林,1508.60689743148
"354",A354,和平金山路口,大安區,和平東路一段 / 金山南路二段口(西南側)(鄰近臺灣師範大學),25.0316,121.527,古亭,1244.64797993566
"355",A355,復興南路一段340巷口,大安區,復興南路一段322號(東南側),25.0362,121.544,古亭,2260.15195915313
"356",A356,嘉興公園,大安區,樂業街101巷 / 樂業街口(北側側),25.0211,121.552,古亭,2265.99674732524
"357",A357,陽明大學,北投區,東華街二段136號(南側),25.1193,121.512,士林,1503.78568260082
"358",A358,碧湖公園,內湖區,內湖路二段/內湖路二段103巷口(東北側)(鄰近碧湖公園),25.08,121.583,松山,3352.59100530067
"359",A359,臺灣戲曲中心,士林區,文林路751號(南側)(鄰近臺灣戲曲中心),25.1025,121.52,士林,671.586993516831
"360",A360,世新大學,文山區,木柵路一段17巷1號(西側),24.9886,121.544,新店,1408.25004278163
"361",A361,新和國小,萬華區,中華路二段416巷/萬大路277巷37弄口(東側),25.0266,121.502,永和,1793.27140882891
"362",A362,南門國中,中正區,廣州街8巷/廣州街口(東南側),25.0351,121.508,萬華,1263.15331261706
"363",A363,重慶民族路口,大同區,重慶北路三段154號(前方/東側),25.0685,121.514,大同,591.202884751093
"364",A364,中崙福成宮,松山區,市民大道四段63號(鄰近微風廣場/黑松世界),25.0453,121.547,中山,2799.83533849601
"365",A365,麗湖國小,內湖區,金湖路363巷5號對側,25.0733,121.602,松山,3497.29049894444
"366",A366,銘傳大學,士林區,中山北路五段250號(銘傳大學對側)(鄰近銘傳大學/士林夜市),25.0877,121.527,士林,2379.50823369108
"367",A367,民生建國路口,中山區,民生東路三段 / 建國北路二段口,25.0578,121.537,中山,1171.21455965081
"368",A368,南港路二段178巷口,南港區,南港路二段 / 南港路二段178巷口(北側),25.0537,121.6,松山,2196.88610588331
"369",A369,陽光街321巷口,內湖區,陽光街321巷 / 陽光街口(南側),25.0732,121.579,松山,2570.25196468334
"370",A370,春光公園,信義區,忠孝東路五段721號(對側),25.0427,121.581,松山,843.818305598913
"371",A371,塔悠疏散門,松山區,塔悠路 / 撫遠街389巷口(南側),25.0649,121.568,松山,1967.38577748358
"372",A372,民權東路六段15巷,內湖區,民權東路六段15巷35號,25.0686,121.578,松山,2061.31426866404
"373",A373,聯合醫院和平院區,中正區,中華路二段33號(南側),25.0352,121.506,萬華,1267.78956818493
"374",A374,一壽橋,文山區,樟新街64號前方,24.9807,121.556,新店,1879.73113318962
"375",A375,松基公園,松山區,長春路339巷 / 復興北路189巷口,25.0549,121.545,中山,2038.88790409463
"376",A376,和興路26巷口,文山區,和興路44巷 / 和興路26巷口,24.9857,121.545,新店,1188.97255066681
"377",A377,錦州吉林路口,中山區,錦州街162號前方,25.0603,121.53,中山,418.151116939747
"378",A378,吳興街260巷,信義區,吳興街260巷 / 吳興街260巷19弄口(鄰近台北醫學大學),25.0261,121.563,松山,3080.78077753955
"379",A379,景華街128巷口,文山區,景華街126號前方,24.9956,121.547,新店,2238.58931344624
"380",A380,福德國小,信義區,福德街251巷2號(對面/東側),25.0383,121.586,松山,1495.24107294615
"381",A381,稻香重三路口,北投區,稻香路 / 稻香路43巷口(西北側),25.1399,121.49,士林,4502.89307238767
"382",A382,景仁公園,文山區,景仁街 / 羅斯福路六段142巷口(北側),24.9966,121.54,新店,2158.24391921807
"383",A383,南京東興路口,松山區,南京東路五段 / 東興路口(北側),25.0515,121.565,松山,1383.48118625102
"384",A384,內溝溪生態展示館,內湖區,康樂街236之3號(西北側),25.0874,121.623,汐止,3003.27230660464
"385",A385,松德虎林街口,信義區,松德路71號前方,25.0384,121.576,松山,1311.70917050599
"386",A386,安強公園,信義區,虎林街212巷58號(西南側),25.0368,121.575,松山,1506.93370898817
"387",A387,新東街51巷口,松山區,三民路 / 新東街51巷口(東側)(鄰近松山親子館),25.0615,121.564,松山,1948.44083653531
"388",A388,劍潭海外青年活動中心,士林區,通河街 / 通河街2巷(南側)(鄰近圓山大飯店/劍潭公園)(鄰近芝山岩/芝山巖惠濟宮/芝山文化生態綠,25.0796,121.524,中山,1926.58960861481
"389",A389,聯合醫院陽明院區,士林區,雨聲街105號(南側),25.1046,121.532,士林,1771.1373035609
"390",A390,和平龍泉街口,大安區,和平東路一段178號(前側)(鄰近臺灣師範大學),25.0264,121.529,古亭,644.048076138854
"391",A391,和平敦化路口,大安區,和平東路三段 / 敦化南路二段口(東側),25.0218,121.548,古亭,1866.28070641836
"392",A392,南京新生路口,中山區,新生北路一段 / 南京東路一段口(橋墩下方)(鄰近林森公園/康樂公園),25.052,121.527,中山,1148.71443483931
"393",A393,下灣公園,內湖區,民權東路六段206巷 / 民權東路六段190巷75弄口,25.0652,121.596,松山,2431.80559452767
"394",A394,捷運內湖站(1號出口),內湖區,成功路四段182巷 / 成功路四段182巷6弄口(東南側),25.0839,121.594,松山,4063.56942124977
"395",A395,民族延平路口,大同區,民族西路 310 號前方,25.0686,121.511,大同,642.017700805032
"396",A396,豐年公園,北投區,大業路539號(東側),25.1359,121.495,士林,3859.91131016501
"397",A397,紀州庵,中正區,水源路 / 同安街口 (東側),25.0208,121.52,永和,562.323633189147
"398",A398,彩虹橋,內湖區,潭美街27號西側(行善公園東南角)(鄰近饒河街夜市/彩虹橋),25.053,121.574,松山,571.77695755757
"399",A399,秀山區民活動中心,北投區,秀山路50號北側道路路側,25.146,121.493,士林,4941.29253863841
"400",A400,芝山抽水站,士林區,至誠路二段80號對面人行道(芝山抽水站)(鄰近雙溪生活水岸自行車道),25.1014,121.528,士林,1450.70406437608
